infected;0
0;0.00000296
1;0.00000315
2;0.00000315
3;0.00000630
4;0.001
