infected;0
0;0.00000296
1;0.0000296
