sex;sex|1|~;infected;0
0;0;0;0
0;0;1;0
0;0;2;0.01
0;0;3;0.0001
0;0;4;0.0001
0;0;5;0.001
0;0;6;0.001
0;1;0;0
0;1;1;0
0;1;2;0.01
0;1;3;0.0001
0;1;4;0.0001
0;1;5;0.001
0;1;6;0.001
1;0;0;0
1;0;1;0
1;0;2;0.005
1;0;3;0.00005
1;0;4;0.00005
1;0;5;0.0005
1;0;6;0.0005
1;1;0;0
1;1;1;0
1;1;2;0.00001
1;1;3;0.00001
1;1;4;0.00001
1;1;5;0.00001
1;1;6;0.00001
